-- MySQL dump 10.13  Distrib 8.0.36, for Win64 (x86_64)
--
-- Host: 127.0.0.1    Database: projet_m1
-- ------------------------------------------------------
-- Server version	8.0.36

/*!40101 SET @OLD_CHARACTER_SET_CLIENT=@@CHARACTER_SET_CLIENT */;
/*!40101 SET @OLD_CHARACTER_SET_RESULTS=@@CHARACTER_SET_RESULTS */;
/*!40101 SET @OLD_COLLATION_CONNECTION=@@COLLATION_CONNECTION */;
/*!50503 SET NAMES utf8 */;
/*!40103 SET @OLD_TIME_ZONE=@@TIME_ZONE */;
/*!40103 SET TIME_ZONE='+00:00' */;
/*!40014 SET @OLD_UNIQUE_CHECKS=@@UNIQUE_CHECKS, UNIQUE_CHECKS=0 */;
/*!40014 SET @OLD_FOREIGN_KEY_CHECKS=@@FOREIGN_KEY_CHECKS, FOREIGN_KEY_CHECKS=0 */;
/*!40101 SET @OLD_SQL_MODE=@@SQL_MODE, SQL_MODE='NO_AUTO_VALUE_ON_ZERO' */;
/*!40111 SET @OLD_SQL_NOTES=@@SQL_NOTES, SQL_NOTES=0 */;

--
-- Table structure for table `cart_items`
--

DROP TABLE IF EXISTS `cart_items`;
/*!40101 SET @saved_cs_client     = @@character_set_client */;
/*!50503 SET character_set_client = utf8mb4 */;
CREATE TABLE `cart_items` (
  `id` bigint NOT NULL AUTO_INCREMENT,
  `quantite` int NOT NULL,
  `cart_id` bigint DEFAULT NULL,
  `product_id` bigint DEFAULT NULL,
  `quantity` int NOT NULL,
  PRIMARY KEY (`id`),
  KEY `FKpcttvuq4mxppo8sxggjtn5i2c` (`cart_id`),
  KEY `FK1re40cjegsfvw58xrkdp6bac6` (`product_id`),
  CONSTRAINT `FK1re40cjegsfvw58xrkdp6bac6` FOREIGN KEY (`product_id`) REFERENCES `products` (`product_id`),
  CONSTRAINT `FKpcttvuq4mxppo8sxggjtn5i2c` FOREIGN KEY (`cart_id`) REFERENCES `carts` (`id`)
) ENGINE=InnoDB DEFAULT CHARSET=utf8mb4 COLLATE=utf8mb4_unicode_520_ci;
/*!40101 SET character_set_client = @saved_cs_client */;

--
-- Dumping data for table `cart_items`
--

LOCK TABLES `cart_items` WRITE;
/*!40000 ALTER TABLE `cart_items` DISABLE KEYS */;
/*!40000 ALTER TABLE `cart_items` ENABLE KEYS */;
UNLOCK TABLES;

--
-- Table structure for table `carts`
--

DROP TABLE IF EXISTS `carts`;
/*!40101 SET @saved_cs_client     = @@character_set_client */;
/*!50503 SET character_set_client = utf8mb4 */;
CREATE TABLE `carts` (
  `id` bigint NOT NULL AUTO_INCREMENT,
  PRIMARY KEY (`id`)
) ENGINE=InnoDB AUTO_INCREMENT=3 DEFAULT CHARSET=utf8mb4 COLLATE=utf8mb4_unicode_520_ci;
/*!40101 SET character_set_client = @saved_cs_client */;

--
-- Dumping data for table `carts`
--

LOCK TABLES `carts` WRITE;
/*!40000 ALTER TABLE `carts` DISABLE KEYS */;
INSERT INTO `carts` VALUES (1),(2);
/*!40000 ALTER TABLE `carts` ENABLE KEYS */;
UNLOCK TABLES;

--
-- Table structure for table `category`
--

DROP TABLE IF EXISTS `category`;
/*!40101 SET @saved_cs_client     = @@character_set_client */;
/*!50503 SET character_set_client = utf8mb4 */;
CREATE TABLE `category` (
  `category_id` bigint NOT NULL AUTO_INCREMENT,
  `description` varchar(255) DEFAULT NULL,
  `name` varchar(255) DEFAULT NULL,
  `parent_category_id` bigint DEFAULT NULL,
  PRIMARY KEY (`category_id`),
  KEY `FKs2ride9gvilxy2tcuv7witnxc` (`parent_category_id`),
  CONSTRAINT `FKs2ride9gvilxy2tcuv7witnxc` FOREIGN KEY (`parent_category_id`) REFERENCES `category` (`category_id`)
) ENGINE=InnoDB AUTO_INCREMENT=43 DEFAULT CHARSET=utf8mb4 COLLATE=utf8mb4_unicode_520_ci;
/*!40101 SET character_set_client = @saved_cs_client */;

--
-- Dumping data for table `category`
--

LOCK TABLES `category` WRITE;
/*!40000 ALTER TABLE `category` DISABLE KEYS */;
INSERT INTO `category` VALUES (1,'Categorie pour hommes','Hommes',NULL),(2,'Categorie pour femmes','Femmes',NULL),(3,'Categorie pour enfants','Enfants',NULL),(4,'Chaussures pour hommes','Chaussures',1),(5,'Chaussures pour femmes','Chaussures',2),(6,'Chaussures pour enfants','Chaussures',3),(7,'Vetements pour hommes','Vetements',1),(8,'Vetements pour femmes','Vetements',2),(9,'Vetements pour enfants','Vetements',3),(10,'Accessoires pour hommes','Accessoires',1),(11,'Accessoires pour femmes','Accessoires',2),(12,'Accessoires pour enfants','Accessoires',3),(13,'T-shirts pour hommes','T-shirts',7),(14,'Chemises pour hommes','Chemises',7),(15,'Shorts pour hommes','Shorts',7),(16,'Pantalons pour hommes','Pantalons',7),(17,'Sweatshirts pour hommes','Sweatshirts',7),(18,'T-shirts pour femmes','T-shirts',8),(19,'Chemises pour femmes','Chemises',8),(20,'Jupes pour femmes','Jupes',8),(21,'Pantalons pour femmes','Pantalons',8),(22,'Robes pour femmes','Robes',8),(23,'T-shirts pour garçons','T-shirts garçons',9),(24,'T-shirts pour filles','T-shirts filles',9),(25,'Pantalons pour filles','Pantalons Filles',9),(26,'Pantalons pour garçons','Pantalons Garçons',9),(27,'Robes pour enfants','Robes',9),(28,'Ensembles pour enfants','Ensembles',9),(29,'Baskets pour hommes','Baskets',4),(30,'Bottes pour hommes','Bottes',4),(31,'Baskets pour femmes','Baskets',5),(32,'Bottes pour femmes','Bottes',5),(33,'Sandales pour femmes','Sandales',5),(34,'Baskets pour garcons','Baskets Garcons',6),(35,'Baskets pour filles','Baskets Filles',6),(36,'Bottes pour filles','Bottes Filles',6),(37,'Sacs à dos pour hommes','Sacs à dos',10),(38,'Montres pour hommes','Montres',10),(39,'Sacs à main pour femmes','Sacs à main',11),(40,'Bijoux pour femmes','Bijoux',11),(41,'Sacs à dos pour enfants','Sacs à dos',12),(42,'Lunettes pour enfants','Lunettes',12);
/*!40000 ALTER TABLE `category` ENABLE KEYS */;
UNLOCK TABLES;

--
-- Table structure for table `facture`
--

DROP TABLE IF EXISTS `facture`;
/*!40101 SET @saved_cs_client     = @@character_set_client */;
/*!50503 SET character_set_client = utf8mb4 */;
CREATE TABLE `facture` (
  `id` bigint NOT NULL AUTO_INCREMENT,
  `invoice_date` date DEFAULT NULL,
  `payment_method` varchar(255) DEFAULT NULL,
  `payment_status` tinyint DEFAULT NULL,
  `total_amount` double NOT NULL,
  `order_id` bigint NOT NULL,
  PRIMARY KEY (`id`),
  UNIQUE KEY `UK_nciual34ip6rhgrhuvho9gh9f` (`order_id`),
  CONSTRAINT `FKo7mjkxgiwesa13mu9ixcnvgj4` FOREIGN KEY (`order_id`) REFERENCES `orders` (`id`),
  CONSTRAINT `facture_chk_1` CHECK ((`payment_status` between 0 and 3))
) ENGINE=InnoDB DEFAULT CHARSET=utf8mb4 COLLATE=utf8mb4_unicode_520_ci;
/*!40101 SET character_set_client = @saved_cs_client */;

--
-- Dumping data for table `facture`
--

LOCK TABLES `facture` WRITE;
/*!40000 ALTER TABLE `facture` DISABLE KEYS */;
/*!40000 ALTER TABLE `facture` ENABLE KEYS */;
UNLOCK TABLES;

--
-- Table structure for table `order_details`
--

DROP TABLE IF EXISTS `order_details`;
/*!40101 SET @saved_cs_client     = @@character_set_client */;
/*!50503 SET character_set_client = utf8mb4 */;
CREATE TABLE `order_details` (
  `id` bigint NOT NULL AUTO_INCREMENT,
  `quantity` int NOT NULL,
  `total_amount` double NOT NULL,
  `unit_price` double NOT NULL,
  `order_id` bigint NOT NULL,
  `product_id` bigint NOT NULL,
  PRIMARY KEY (`id`),
  KEY `FKjyu2qbqt8gnvno9oe9j2s2ldk` (`order_id`),
  KEY `FK4q98utpd73imf4yhttm3w0eax` (`product_id`),
  CONSTRAINT `FK4q98utpd73imf4yhttm3w0eax` FOREIGN KEY (`product_id`) REFERENCES `products` (`product_id`),
  CONSTRAINT `FKjyu2qbqt8gnvno9oe9j2s2ldk` FOREIGN KEY (`order_id`) REFERENCES `orders` (`id`)
) ENGINE=InnoDB DEFAULT CHARSET=utf8mb4 COLLATE=utf8mb4_unicode_520_ci;
/*!40101 SET character_set_client = @saved_cs_client */;

--
-- Dumping data for table `order_details`
--

LOCK TABLES `order_details` WRITE;
/*!40000 ALTER TABLE `order_details` DISABLE KEYS */;
/*!40000 ALTER TABLE `order_details` ENABLE KEYS */;
UNLOCK TABLES;

--
-- Table structure for table `orders`
--

DROP TABLE IF EXISTS `orders`;
/*!40101 SET @saved_cs_client     = @@character_set_client */;
/*!50503 SET character_set_client = utf8mb4 */;
CREATE TABLE `orders` (
  `id` bigint NOT NULL AUTO_INCREMENT,
  `order_date` date DEFAULT NULL,
  `order_total` decimal(38,2) DEFAULT NULL,
  `payment_method` varchar(255) DEFAULT NULL,
  `shipping_address` varchar(255) DEFAULT NULL,
  `status` tinyint DEFAULT NULL,
  `user_id` bigint NOT NULL,
  PRIMARY KEY (`id`),
  KEY `FKel9kyl84ego2otj2accfd8mr7` (`user_id`),
  CONSTRAINT `FKel9kyl84ego2otj2accfd8mr7` FOREIGN KEY (`user_id`) REFERENCES `user` (`user_id`),
  CONSTRAINT `orders_chk_1` CHECK ((`status` between 0 and 4))
) ENGINE=InnoDB DEFAULT CHARSET=utf8mb4 COLLATE=utf8mb4_unicode_520_ci;
/*!40101 SET character_set_client = @saved_cs_client */;

--
-- Dumping data for table `orders`
--

LOCK TABLES `orders` WRITE;
/*!40000 ALTER TABLE `orders` DISABLE KEYS */;
/*!40000 ALTER TABLE `orders` ENABLE KEYS */;
UNLOCK TABLES;

--
-- Table structure for table `product_category`
--

DROP TABLE IF EXISTS `product_category`;
/*!40101 SET @saved_cs_client     = @@character_set_client */;
/*!50503 SET character_set_client = utf8mb4 */;
CREATE TABLE `product_category` (
  `product_id` bigint NOT NULL,
  `category_id` bigint NOT NULL,
  PRIMARY KEY (`product_id`,`category_id`),
  KEY `FKkud35ls1d40wpjb5htpp14q4e` (`category_id`),
  CONSTRAINT `FK5w81wp3eyugvi2lii94iao3fm` FOREIGN KEY (`product_id`) REFERENCES `products` (`product_id`),
  CONSTRAINT `FKkud35ls1d40wpjb5htpp14q4e` FOREIGN KEY (`category_id`) REFERENCES `category` (`category_id`)
) ENGINE=InnoDB DEFAULT CHARSET=utf8mb4 COLLATE=utf8mb4_unicode_520_ci;
/*!40101 SET character_set_client = @saved_cs_client */;

--
-- Dumping data for table `product_category`
--

LOCK TABLES `product_category` WRITE;
/*!40000 ALTER TABLE `product_category` DISABLE KEYS */;
INSERT INTO `product_category` VALUES (1,13),(2,13),(3,13),(4,14),(5,14),(6,14),(7,15),(8,15),(9,15),(10,16),(11,16),(12,16),(16,17),(17,17),(18,17),(31,18),(32,18),(33,18),(34,19),(35,19),(36,19),(37,20),(38,20),(39,20),(40,21),(41,21),(42,21),(43,22),(44,22),(45,22),(61,23),(62,23),(63,23),(64,24),(65,24),(66,24),(67,25),(68,25),(69,25),(70,26),(71,26),(72,26),(73,27),(74,27),(75,27),(76,28),(77,28),(78,28),(13,29),(14,29),(15,29),(19,30),(20,30),(21,30),(46,31),(47,31),(48,31),(49,32),(50,32),(51,32),(52,33),(53,33),(54,33),(79,34),(80,34),(81,34),(82,35),(83,35),(84,35),(85,36),(86,36),(87,36),(25,37),(26,37),(27,37),(28,38),(29,38),(30,38),(55,39),(56,39),(57,39),(58,40),(59,40),(60,40),(88,41),(89,41),(90,41),(91,42),(92,42),(93,42);
/*!40000 ALTER TABLE `product_category` ENABLE KEYS */;
UNLOCK TABLES;

--
-- Table structure for table `product_images`
--

DROP TABLE IF EXISTS `product_images`;
/*!40101 SET @saved_cs_client     = @@character_set_client */;
/*!50503 SET character_set_client = utf8mb4 */;
CREATE TABLE `product_images` (
  `id` bigint NOT NULL AUTO_INCREMENT,
  `image_url` varchar(500) DEFAULT NULL,
  `product_id` bigint DEFAULT NULL,
  PRIMARY KEY (`id`),
  KEY `FKqnq71xsohugpqwf3c9gxmsuy` (`product_id`),
  CONSTRAINT `FKqnq71xsohugpqwf3c9gxmsuy` FOREIGN KEY (`product_id`) REFERENCES `products` (`product_id`)
) ENGINE=InnoDB AUTO_INCREMENT=178 DEFAULT CHARSET=utf8mb4 COLLATE=utf8mb4_unicode_520_ci;
/*!40101 SET character_set_client = @saved_cs_client */;

--
-- Dumping data for table `product_images`
--

LOCK TABLES `product_images` WRITE;
/*!40000 ALTER TABLE `product_images` DISABLE KEYS */;
INSERT INTO `product_images` VALUES (1,'https://lp2.hm.com/hmgoepprod?set=quality%5B79%5D%2Csource%5B%2Fad%2Fbf%2Fadbf1285d164c300462399af00f6ae8fbdddd155.jpg%5D%2Corigin%5Bdam%5D%2Ccategory%5B%5D%2Ctype%5BDESCRIPTIVESTILLLIFE%5D%2Cres%5Bm%5D%2Chmver%5B2%5D&call=url[file:/product/fullscreen]',1),(2,'https://lp2.hm.com/hmgoepprod?set=quality%5B79%5D%2Csource%5B%2Fd3%2Fbf%2Fd3bf8f47345afa28f1ca8cb36e155b476fd851e7.jpg%5D%2Corigin%5Bdam%5D%2Ccategory%5B%5D%2Ctype%5BDESCRIPTIVEDETAIL%5D%2Cres%5Bm%5D%2Chmver%5B2%5D&call=url[file:/product/fullscreen]',1),(3,'https://lp2.hm.com/hmgoepprod?set=quality%5B79%5D%2Csource%5B%2F01%2Fc0%2F01c0ddbd94ef55c2efc5b6c00e21cf64fab36173.jpg%5D%2Corigin%5Bdam%5D%2Ccategory%5Bmen_tshirtstanks_printed%5D%2Ctype%5BDESCRIPTIVESTILLLIFE%5D%2Cres%5Bm%5D%2Chmver%5B2%5D&call=url[file:/product/fullscreen]',2),(4,'https://lp2.hm.com/hmgoepprod?set=quality%5B79%5D%2Csource%5B%2Fff%2F94%2Fff940fb9edfb5ba3954cabd526bbd9bdef965634.jpg%5D%2Corigin%5Bdam%5D%2Ccategory%5Bmen_tshirtstanks_printed%5D%2Ctype%5BDESCRIPTIVEDETAIL%5D%2Cres%5Bm%5D%2Chmver%5B2%5D&call=url[file:/product/fullscreen]',2),(5,'https://lp2.hm.com/hmgoepprod?set=quality%5B79%5D%2Csource%5B%2F5b%2Ffc%2F5bfc6a3218fca48dea060c3eb0d435963dea473d.jpg%5D%2Corigin%5Bdam%5D%2Ccategory%5B%5D%2Ctype%5BDESCRIPTIVEDETAIL%5D%2Cres%5Bm%5D%2Chmver%5B2%5D&call=url[file:/product/fullscreen]',3),(6,'https://lp2.hm.com/hmgoepprod?set=quality%5B79%5D%2Csource%5B%2F06%2F03%2F0603a89b2455200378901bc11a496dbca3443f4c.jpg%5D%2Corigin%5Bdam%5D%2Ccategory%5B%5D%2Ctype%5BDESCRIPTIVESTILLLIFE%5D%2Cres%5Bm%5D%2Chmver%5B2%5D&call=url[file:/product/fullscreen]',3),(7,'https://lp2.hm.com/hmgoepprod?set=quality%5B79%5D%2Csource%5B%2Fe7%2Fb3%2Fe7b31aff1944367889bd047a12c4f8e6147b7a54.jpg%5D%2Corigin%5Bdam%5D%2Ccategory%5B%5D%2Ctype%5BDESCRIPTIVESTILLLIFE%5D%2Cres%5Bm%5D%2Chmver%5B2%5D&call=url[file:/product/fullscreen]',4),(8,'https://lp2.hm.com/hmgoepprod?set=quality%5B79%5D%2Csource%5B%2F56%2Fb2%2F56b2ff1ab9a480067b9ed1a3f7fbedf400de49f7.jpg%5D%2Corigin%5Bdam%5D%2Ccategory%5B%5D%2Ctype%5BDESCRIPTIVEDETAIL%5D%2Cres%5Bm%5D%2Chmver%5B2%5D&call=url[file:/product/fullscreen]',4),(9,'https://lp2.hm.com/hmgoepprod?set=quality%5B79%5D%2Csource%5B%2F03%2Fb0%2F03b075e768652fa49e23a5b982b95cb2932cd2be.jpg%5D%2Corigin%5Bdam%5D%2Ccategory%5B%5D%2Ctype%5BDESCRIPTIVESTILLLIFE%5D%2Cres%5Bm%5D%2Chmver%5B2%5D&call=url[file:/product/fullscreen]',5),(10,'https://lp2.hm.com/hmgoepprod?set=quality%5B79%5D%2Csource%5B%2F2d%2Fb3%2F2db30c007e5d49a2d26f8f91aad33b50759554c5.jpg%5D%2Corigin%5Bdam%5D%2Ccategory%5B%5D%2Ctype%5BDESCRIPTIVEDETAIL%5D%2Cres%5Bm%5D%2Chmver%5B2%5D&call=url[file:/product/fullscreen]',5),(11,'https://lp2.hm.com/hmgoepprod?set=quality%5B79%5D%2Csource%5B%2F00%2F64%2F0064af903791dbc580db79bfe285187cbcab71c1.jpg%5D%2Corigin%5Bdam%5D%2Ccategory%5Bmen_shirts_casual%5D%2Ctype%5BDESCRIPTIVESTILLLIFE%5D%2Cres%5Bm%5D%2Chmver%5B2%5D&call=url[file:/product/fullscreen]',6),(12,'https://lp2.hm.com/hmgoepprod?set=quality%5B79%5D%2Csource%5B%2F3f%2Fa7%2F3fa7da0dfa286748fe538eee9f2bb1f12e357815.jpg%5D%2Corigin%5Bdam%5D%2Ccategory%5Bmen_shirts_casual%5D%2Ctype%5BDESCRIPTIVEDETAIL%5D%2Cres%5Bm%5D%2Chmver%5B2%5D&call=url[file:/product/fullscreen]',6),(15,'https://lp2.hm.com/hmgoepprod?set=quality%5B79%5D%2Csource%5B%2F88%2F29%2F882981acb69c221f17bef579d4f1e4a8834f2bd2.jpg%5D%2Corigin%5Bdam%5D%2Ccategory%5B%5D%2Ctype%5BDESCRIPTIVESTILLLIFE%5D%2Cres%5Bm%5D%2Chmver%5B2%5D&call=url[file:/product/fullscreen]',7),(16,'https://lp2.hm.com/hmgoepprod?set=quality%5B79%5D%2Csource%5B%2F4d%2F5f%2F4d5f74cadd51611202d1cef97e437a63ebead393.jpg%5D%2Corigin%5Bdam%5D%2Ccategory%5Bmen_shorts_casual%5D%2Ctype%5BDESCRIPTIVESTILLLIFE%5D%2Cres%5Bm%5D%2Chmver%5B2%5D&call=url[file:/product/fullscreen]',8),(17,'https://lp2.hm.com/hmgoepprod?set=quality%5B79%5D%2Csource%5B%2F0e%2F99%2F0e99b2e0dac901050d37ab9a55f8a4d69ac7217c.jpg%5D%2Corigin%5Bdam%5D%2Ccategory%5Bmen_shorts_casual%5D%2Ctype%5BDESCRIPTIVEDETAIL%5D%2Cres%5Bm%5D%2Chmver%5B2%5D&call=url[file:/product/fullscreen]',8),(18,'https://lp2.hm.com/hmgoepprod?set=quality%5B79%5D%2Csource%5B%2F11%2F8e%2F118e300a77c7eceaf7901ff048acfb5ac40a1dc5.jpg%5D%2Corigin%5Bdam%5D%2Ccategory%5B%5D%2Ctype%5BDESCRIPTIVESTILLLIFE%5D%2Cres%5Bm%5D%2Chmver%5B2%5D&call=url[file:/product/fullscreen]',9),(19,'https://lp2.hm.com/hmgoepprod?set=quality%5B79%5D%2Csource%5B%2F0b%2F27%2F0b272329ebdef9657b1cb25c90bacc4ffc7dd65e.jpg%5D%2Corigin%5Bdam%5D%2Ccategory%5B%5D%2Ctype%5BDESCRIPTIVEDETAIL%5D%2Cres%5Bm%5D%2Chmver%5B2%5D&call=url[file:/product/fullscreen]',9),(20,'https://lp2.hm.com/hmgoepprod?set=quality%5B79%5D%2Csource%5B%2F4a%2Ff0%2F4af0d471d10fd46a832fb9ef81f523074161430f.jpg%5D%2Corigin%5Bdam%5D%2Ccategory%5B%5D%2Ctype%5BDESCRIPTIVESTILLLIFE%5D%2Cres%5Bm%5D%2Chmver%5B2%5D&call=url[file:/product/fullscreen]',10),(21,'https://lp2.hm.com/hmgoepprod?set=quality%5B79%5D%2Csource%5B%2Fe0%2Fce%2Fe0ce05bb8d171855715a25dc39f38944e60d965d.jpg%5D%2Corigin%5Bdam%5D%2Ccategory%5B%5D%2Ctype%5BDESCRIPTIVEDETAIL%5D%2Cres%5Bm%5D%2Chmver%5B2%5D&call=url[file:/product/fullscreen]',10),(22,'https://lp2.hm.com/hmgoepprod?set=quality%5B79%5D%2Csource%5B%2F16%2F16%2F1616b009c65dbb34b2c891d7c3e1e208ef3af9a7.jpg%5D%2Corigin%5Bdam%5D%2Ccategory%5Bmen_trousers_linentrousers%5D%2Ctype%5BDESCRIPTIVESTILLLIFE%5D%2Cres%5Bm%5D%2Chmver%5B2%5D&call=url[file:/product/fullscreen]',11),(23,'https://lp2.hm.com/hmgoepprod?set=quality%5B79%5D%2Csource%5B%2Ffc%2F26%2Ffc2613019af8a68be84fada7170f581ab100e2ac.jpg%5D%2Corigin%5Bdam%5D%2Ccategory%5Bmen_trousers_linentrousers%5D%2Ctype%5BDESCRIPTIVEDETAIL%5D%2Cres%5Bm%5D%2Chmver%5B2%5D&call=url[file:/product/fullscreen]',11),(24,'https://lp2.hm.com/hmgoepprod?set=quality%5B79%5D%2Csource%5B%2Ff0%2F23%2Ff023dc8de56549f3a1e0725c5503162a57eea134.jpg%5D%2Corigin%5Bdam%5D%2Ccategory%5B%5D%2Ctype%5BDESCRIPTIVESTILLLIFE%5D%2Cres%5Bm%5D%2Chmver%5B2%5D&call=url[file:/product/fullscreen]',12),(25,'https://lp2.hm.com/hmgoepprod?set=quality%5B79%5D%2Csource%5B%2F50%2F58%2F5058c8188e4329945a3a911095839101c31065bd.jpg%5D%2Corigin%5Bdam%5D%2Ccategory%5B%5D%2Ctype%5BDESCRIPTIVEDETAIL%5D%2Cres%5Bm%5D%2Chmver%5B2%5D&call=url[file:/product/fullscreen]',12),(26,'https://static.nike.com/a/images/t_PDP_1728_v1/f_auto,q_auto:eco,u_126ab356-44d8-4a06-89b4-fcdcc8df0245,c_scale,fl_relative,w_1.0,h_1.0,fl_layer_apply/9af218ed-fcac-4d22-bdc5-7b41f94d1830/chaussure-air-jordan-1-low-se-pour-8Npn8f.png',13),(27,'https://static.nike.com/a/images/t_PDP_1728_v1/f_auto,q_auto:eco,u_126ab356-44d8-4a06-89b4-fcdcc8df0245,c_scale,fl_relative,w_1.0,h_1.0,fl_layer_apply/6ca09d06-3d48-4b02-9490-6235af581a8f/chaussure-air-jordan-1-low-se-pour-8Npn8f.png',13),(28,'https://static.nike.com/a/images/t_PDP_1728_v1/f_auto,q_auto:eco/812a427a-3923-4a9e-96de-16c93d658542/chaussure-full-force-low-pour-Ssz1tn.png',14),(29,'https://static.nike.com/a/images/t_PDP_1728_v1/f_auto,q_auto:eco/8a6ca92e-3475-42dc-9797-4b49c778123c/chaussure-full-force-low-pour-Ssz1tn.png',14),(30,'https://lp2.hm.com/hmgoepprod?set=quality%5B79%5D%2Csource%5B%2F60%2F0f%2F600f1d254d72496ff4db9bd84cf0556dc49467e1.jpg%5D%2Corigin%5Bdam%5D%2Ccategory%5B%5D%2Ctype%5BDESCRIPTIVESTILLLIFE%5D%2Cres%5Bm%5D%2Chmver%5B2%5D&call=url[file:/product/fullscreen]',15),(31,'https://lp2.hm.com/hmgoepprod?set=quality%5B79%5D%2Csource%5B%2F40%2F96%2F4096c308a5197078414b011297492fce1e116ff4.jpg%5D%2Corigin%5Bdam%5D%2Ccategory%5B%5D%2Ctype%5BDESCRIPTIVESTILLLIFE%5D%2Cres%5Bm%5D%2Chmver%5B2%5D&call=url[file:/product/fullscreen]',15),(32,'https://lp2.hm.com/hmgoepprod?set=quality%5B79%5D%2Csource%5B%2F2b%2F4b%2F2b4bbff1dbc76cf051687c36479dddbf13d3aa89.jpg%5D%2Corigin%5Bdam%5D%2Ccategory%5Bmen_hoodiessweatshirts_hoodies%5D%2Ctype%5BDESCRIPTIVEDETAIL%5D%2Cres%5Bm%5D%2Chmver%5B2%5D&call=url[file:/product/fullscreen]',16),(33,'https://lp2.hm.com/hmgoepprod?set=quality%5B79%5D%2Csource%5B%2Ff0%2Fc2%2Ff0c265f1ac88e25e55d9b1ab8443d39eb650d36d.jpg%5D%2Corigin%5Bdam%5D%2Ccategory%5Bmen_hoodiessweatshirts_hoodies%5D%2Ctype%5BDESCRIPTIVESTILLLIFE%5D%2Cres%5Bm%5D%2Chmver%5B2%5D&call=url[file:/product/fullscreen]',16),(34,'https://lp2.hm.com/hmgoepprod?set=quality%5B79%5D%2Csource%5B%2F9d%2F55%2F9d55d390f0a6b9f7162b9f5d0c4e49490a241662.jpg%5D%2Corigin%5Bdam%5D%2Ccategory%5Bmen_hoodiessweatshirts_hoodies%5D%2Ctype%5BDESCRIPTIVESTILLLIFE%5D%2Cres%5Bm%5D%2Chmver%5B2%5D&call=url[file:/product/fullscreen]',17),(35,'https://lp2.hm.com/hmgoepprod?set=quality%5B79%5D%2Csource%5B%2Fa3%2F1c%2Fa31c9f833707628cbf6ada9304f02f185323a618.jpg%5D%2Corigin%5Bdam%5D%2Ccategory%5Bmen_hoodiessweatshirts_hoodies%5D%2Ctype%5BDESCRIPTIVEDETAIL%5D%2Cres%5Bm%5D%2Chmver%5B2%5D&call=url[file:/product/fullscreen]',17),(36,'https://lp2.hm.com/hmgoepprod?set=quality%5B79%5D%2Csource%5B%2F01%2Fe2%2F01e21ec02e51cbc1cf63887b8f369cc44baca717.jpg%5D%2Corigin%5Bdam%5D%2Ccategory%5Bmen_hoodiessweatshirts_hoodies%5D%2Ctype%5BDESCRIPTIVESTILLLIFE%5D%2Cres%5Bm%5D%2Chmver%5B2%5D&call=url[file:/product/fullscreen]',18),(37,'https://lp2.hm.com/hmgoepprod?set=quality%5B79%5D%2Csource%5B%2Fdb%2F68%2Fdb68c24a0654ee8dc9cf5995befa7e52a1002ffd.jpg%5D%2Corigin%5Bdam%5D%2Ccategory%5Bmen_hoodiessweatshirts_hoodies%5D%2Ctype%5BDESCRIPTIVEDETAIL%5D%2Cres%5Bm%5D%2Chmver%5B2%5D&call=url[file:/product/fullscreen]',18),(38,'https://images.footlocker.com/is/image/FLEU/314625328704_02?wid=2000&hei=2000&fmt=png-alpha',19),(39,'https://images.footlocker.com/is/image/FLEU/314625328704_01?wid=2000&hei=2000&fmt=png-alpha',19),(40,'https://images.footlocker.com/is/image/FLEU/314626693304_01?wid=2000&hei=2000&fmt=png-alpha',20),(41,'https://images.footlocker.com/is/image/FLEU/314626693304_02?wid=581&hei=581&fmt=png-alpha',20),(42,'https://images.footlocker.com/is/image/FLEU/314625762704_02?wid=2000&hei=2000&fmt=png-alpha',21),(43,'https://images.footlocker.com/is/image/FLEU/314625762704_01?wid=2000&hei=2000&fmt=png-alpha',21),(44,'https://lp2.hm.com/hmgoepprod?set=quality%5B79%5D%2Csource%5B%2F3b%2Fdc%2F3bdc900a6912a35012f6e4bf70ea313f619e8267.jpg%5D%2Corigin%5Bdam%5D%2Ccategory%5B%5D%2Ctype%5BDESCRIPTIVESTILLLIFE%5D%2Cres%5Bm%5D%2Chmver%5B2%5D&call=url[file:/product/fullscreen]',25),(45,'https://lp2.hm.com/hmgoepprod?set=quality%5B79%5D%2Csource%5B%2F45%2F90%2F45908f1eab67d580681305abc07b68df103758b0.jpg%5D%2Corigin%5Bdam%5D%2Ccategory%5B%5D%2Ctype%5BDESCRIPTIVESTILLLIFE%5D%2Cres%5Bm%5D%2Chmver%5B2%5D&call=url[file:/product/fullscreen]',25),(46,'https://images.footlocker.com/is/image/FLEU/319640010180_01?wid=2000&hei=2000&fmt=png-alpha',26),(47,'https://images.footlocker.com/is/image/FLEU/319643132663_01?wid=2000&hei=2000&fmt=png-alpha',27),(48,'https://images.footlocker.com/is/image/FLEU/319643132663_02?wid=581&hei=581&fmt=png-alpha',27),(49,'https://www.montresandco.com/3142-large_default/montre-festina-en-acier-argente.webp',28),(50,'https://www.montresandco.com/41785-thumbnail_product/montre-tommy-hilfiger-en-acier-noir.webp',29),(51,'https://www.montresandco.com/4735-thumbnail_product/montre-lacoste-en-acier-noir.webp',30),(52,'https://lp2.hm.com/hmgoepprod?set=quality%5B79%5D%2Csource%5B%2F13%2F48%2F1348cec6d83ea20caa4d024e2b18b6f8f1c3a518.jpg%5D%2Corigin%5Bdam%5D%2Ccategory%5B%5D%2Ctype%5BDESCRIPTIVEDETAIL%5D%2Cres%5Bm%5D%2Chmver%5B2%5D&call=url[file:/product/fullscreen]',31),(53,'https://lp2.hm.com/hmgoepprod?set=quality%5B79%5D%2Csource%5B%2F45%2Fbf%2F45bf456a4fba122082eb2f8ec0122480af81e3ac.jpg%5D%2Corigin%5Bdam%5D%2Ccategory%5B%5D%2Ctype%5BDESCRIPTIVESTILLLIFE%5D%2Cres%5Bm%5D%2Chmver%5B2%5D&call=url[file:/product/fullscreen]',31),(54,'https://lp2.hm.com/hmgoepprod?set=quality%5B79%5D%2Csource%5B%2F0b%2F5b%2F0b5b2a1b7258b78d5e22b96294c85baaa17a8fff.jpg%5D%2Corigin%5Bdam%5D%2Ccategory%5B%5D%2Ctype%5BDESCRIPTIVESTILLLIFE%5D%2Cres%5Bm%5D%2Chmver%5B2%5D&call=url[file:/product/fullscreen]',32),(55,'https://lp2.hm.com/hmgoepprod?set=quality%5B79%5D%2Csource%5B%2Ff6%2F09%2Ff609357b92dbb68824e6d2d4bd2426366644cf8a.jpg%5D%2Corigin%5Bdam%5D%2Ccategory%5B%5D%2Ctype%5BDESCRIPTIVEDETAIL%5D%2Cres%5Bm%5D%2Chmver%5B2%5D&call=url[file:/product/fullscreen]',32),(56,'https://lp2.hm.com/hmgoepprod?set=quality%5B79%5D%2Csource%5B%2Faa%2Fba%2Faabaaed96ffd89daeb58224c74b60e4ca48ec1e5.jpg%5D%2Corigin%5Bdam%5D%2Ccategory%5B%5D%2Ctype%5BDESCRIPTIVEDETAIL%5D%2Cres%5Bm%5D%2Chmver%5B2%5D&call=url[file:/product/fullscreen]',33),(57,'https://lp2.hm.com/hmgoepprod?set=quality%5B79%5D%2Csource%5B%2F1c%2F15%2F1c159db0eb854039426fc8cf793b8e7126b2333f.jpg%5D%2Corigin%5Bdam%5D%2Ccategory%5B%5D%2Ctype%5BDESCRIPTIVESTILLLIFE%5D%2Cres%5Bm%5D%2Chmver%5B2%5D&call=url[file:/product/fullscreen]',33),(58,'https://lp2.hm.com/hmgoepprod?set=quality%5B79%5D%2Csource%5B%2Fed%2F95%2Fed95b51938d8c952cf8805a12f313a401deb8299.jpg%5D%2Corigin%5Bdam%5D%2Ccategory%5B%5D%2Ctype%5BDESCRIPTIVESTILLLIFE%5D%2Cres%5Bm%5D%2Chmver%5B2%5D&call=url[file:/product/fullscreen]',34),(59,'https://lp2.hm.com/hmgoepprod?set=quality%5B79%5D%2Csource%5B%2F98%2F16%2F98168f3d74e758c35f53a7903e1d153ab848eba9.jpg%5D%2Corigin%5Bdam%5D%2Ccategory%5B%5D%2Ctype%5BDESCRIPTIVEDETAIL%5D%2Cres%5Bm%5D%2Chmver%5B2%5D&call=url[file:/product/fullscreen]',34),(60,'https://lp2.hm.com/hmgoepprod?set=quality%5B79%5D%2Csource%5B%2F38%2F86%2F388642b19595ac4107abb637250efe51214d781f.jpg%5D%2Corigin%5Bdam%5D%2Ccategory%5B%5D%2Ctype%5BDESCRIPTIVEDETAIL%5D%2Cres%5Bm%5D%2Chmver%5B2%5D&call=url[file:/product/fullscreen]',35),(61,'https://lp2.hm.com/hmgoepprod?set=quality%5B79%5D%2Csource%5B%2Fa6%2F17%2Fa6175f76c2842f94eaa2bdb905fae73c695a2059.jpg%5D%2Corigin%5Bdam%5D%2Ccategory%5B%5D%2Ctype%5BDESCRIPTIVESTILLLIFE%5D%2Cres%5Bm%5D%2Chmver%5B2%5D&call=url[file:/product/fullscreen]',35),(62,'https://lp2.hm.com/hmgoepprod?set=quality%5B79%5D%2Csource%5B%2F80%2F18%2F80182d0e1cf8836d120918120a75b8b56faa6b62.jpg%5D%2Corigin%5Bdam%5D%2Ccategory%5B%5D%2Ctype%5BDESCRIPTIVESTILLLIFE%5D%2Cres%5Bm%5D%2Chmver%5B2%5D&call=url[file:/product/fullscreen]',36),(63,'https://lp2.hm.com/hmgoepprod?set=quality%5B79%5D%2Csource%5B%2Fec%2F22%2Fec22f2437d58e5ea15da2fc9ea11d7200f47f066.jpg%5D%2Corigin%5Bdam%5D%2Ccategory%5B%5D%2Ctype%5BDESCRIPTIVEDETAIL%5D%2Cres%5Bm%5D%2Chmver%5B2%5D&call=url[file:/product/fullscreen]',36),(64,'https://lp2.hm.com/hmgoepprod?set=quality%5B79%5D%2Csource%5B%2F4d%2F76%2F4d76faf4299df62e95e9949bbf0f4e644f789e15.jpg%5D%2Corigin%5Bdam%5D%2Ccategory%5B%5D%2Ctype%5BDESCRIPTIVEDETAIL%5D%2Cres%5Bm%5D%2Chmver%5B2%5D&call=url[file:/product/fullscreen]',37),(65,'https://lp2.hm.com/hmgoepprod?set=quality%5B79%5D%2Csource%5B%2Fa6%2Fe6%2Fa6e69fb20761ed19218f60a4c28ad31153a7744c.jpg%5D%2Corigin%5Bdam%5D%2Ccategory%5B%5D%2Ctype%5BDESCRIPTIVESTILLLIFE%5D%2Cres%5Bm%5D%2Chmver%5B2%5D&call=url[file:/product/fullscreen]',37),(66,'https://lp2.hm.com/hmgoepprod?set=quality%5B79%5D%2Csource%5B%2F72%2F1e%2F721e83822c4866294f5bfb1be1a16d667a37fa4e.jpg%5D%2Corigin%5Bdam%5D%2Ccategory%5B%5D%2Ctype%5BDESCRIPTIVESTILLLIFE%5D%2Cres%5Bm%5D%2Chmver%5B2%5D&call=url[file:/product/fullscreen]',38),(67,'https://lp2.hm.com/hmgoepprod?set=quality%5B79%5D%2Csource%5B%2F77%2F22%2F7722bc7a920c1ac65a8e02bcb4e112101e3e1d8f.jpg%5D%2Corigin%5Bdam%5D%2Ccategory%5B%5D%2Ctype%5BDESCRIPTIVEDETAIL%5D%2Cres%5Bm%5D%2Chmver%5B2%5D&call=url[file:/product/fullscreen]',38),(68,'https://lp2.hm.com/hmgoepprod?set=quality%5B79%5D%2Csource%5B%2Fd6%2Fd4%2Fd6d46a432294d70f56749a144051a8f77d4071d6.jpg%5D%2Corigin%5Bdam%5D%2Ccategory%5B%5D%2Ctype%5BDESCRIPTIVEDETAIL%5D%2Cres%5Bm%5D%2Chmver%5B2%5D&call=url[file:/product/fullscreen]',39),(69,'https://lp2.hm.com/hmgoepprod?set=quality%5B79%5D%2Csource%5B%2Fdc%2Ff2%2Fdcf257ae1f2603b99008f357d086d2f9aa9d3c58.jpg%5D%2Corigin%5Bdam%5D%2Ccategory%5B%5D%2Ctype%5BDESCRIPTIVESTILLLIFE%5D%2Cres%5Bm%5D%2Chmver%5B2%5D&call=url[file:/product/fullscreen]',39),(70,'https://lp2.hm.com/hmgoepprod?set=quality%5B79%5D%2Csource%5B%2F14%2F2d%2F142d0fd941b3787abd1c3f7bf6e2b257c12a1d1e.jpg%5D%2Corigin%5Bdam%5D%2Ccategory%5B%5D%2Ctype%5BDESCRIPTIVESTILLLIFE%5D%2Cres%5Bm%5D%2Chmver%5B2%5D&call=url[file:/product/fullscreen]',40),(71,'https://lp2.hm.com/hmgoepprod?set=quality%5B79%5D%2Csource%5B%2F41%2F0a%2F410a91974b16d37237fe29702cea3a3d9587fe53.jpg%5D%2Corigin%5Bdam%5D%2Ccategory%5B%5D%2Ctype%5BDESCRIPTIVEDETAIL%5D%2Cres%5Bm%5D%2Chmver%5B2%5D&call=url[file:/product/fullscreen]',40),(72,'https://lp2.hm.com/hmgoepprod?set=quality%5B79%5D%2Csource%5B%2Fcb%2F89%2Fcb899fbc7e990237f233cceaa9e18119d5ccfb2c.jpg%5D%2Corigin%5Bdam%5D%2Ccategory%5Bladies_trousers_highwaisted%5D%2Ctype%5BDESCRIPTIVEDETAIL%5D%2Cres%5Bm%5D%2Chmver%5B2%5D&call=url[file:/product/fullscreen]',41),(73,'https://lp2.hm.com/hmgoepprod?set=quality%5B79%5D%2Csource%5B%2Fcf%2F4b%2Fcf4b1bbf3edba2fd9512105c89348324a103d69c.jpg%5D%2Corigin%5Bdam%5D%2Ccategory%5Bladies_trousers_highwaisted%5D%2Ctype%5BDESCRIPTIVESTILLLIFE%5D%2Cres%5Bm%5D%2Chmver%5B2%5D&call=url[file:/product/fullscreen]',41),(74,'https://lp2.hm.com/hmgoepprod?set=quality%5B79%5D%2Csource%5B%2F78%2F08%2F780896fe7f8a92c8a59a956474b873e746dcf21a.jpg%5D%2Corigin%5Bdam%5D%2Ccategory%5Bladies_trousers_joggers%5D%2Ctype%5BDESCRIPTIVESTILLLIFE%5D%2Cres%5Bm%5D%2Chmver%5B2%5D&call=url[file:/product/fullscreen]',42),(75,'https://lp2.hm.com/hmgoepprod?set=quality%5B79%5D%2Csource%5B%2F33%2F64%2F3364cac64b940d934da4d6b2ffd46cef462d6c82.jpg%5D%2Corigin%5Bdam%5D%2Ccategory%5Bladies_trousers_joggers%5D%2Ctype%5BDESCRIPTIVEDETAIL%5D%2Cres%5Bm%5D%2Chmver%5B2%5D&call=url[file:/product/fullscreen]',42),(76,'https://lp2.hm.com/hmgoepprod?set=quality%5B79%5D%2Csource%5B%2Fe9%2F26%2Fe92697fd457fcc8017026f6fc12c82d9e7a6a8dc.jpg%5D%2Corigin%5Bdam%5D%2Ccategory%5Bladies_dresses_mididresses%5D%2Ctype%5BDESCRIPTIVEDETAIL%5D%2Cres%5Bm%5D%2Chmver%5B2%5D&call=url[file:/product/fullscreen]',43),(77,'https://lp2.hm.com/hmgoepprod?set=quality%5B79%5D%2Csource%5B%2F09%2F89%2F0989da9199be78301bcebaf4714a003b326db28b.jpg%5D%2Corigin%5Bdam%5D%2Ccategory%5Bladies_dresses_mididresses%5D%2Ctype%5BDESCRIPTIVESTILLLIFE%5D%2Cres%5Bm%5D%2Chmver%5B2%5D&call=url[file:/product/fullscreen]',43),(78,'https://lp2.hm.com/hmgoepprod?set=quality%5B79%5D%2Csource%5B%2F60%2F85%2F60853ff29017825f0445bfbf54318edc14e2ab24.jpg%5D%2Corigin%5Bdam%5D%2Ccategory%5B%5D%2Ctype%5BDESCRIPTIVESTILLLIFE%5D%2Cres%5Bm%5D%2Chmver%5B2%5D&call=url[file:/product/fullscreen]',44),(79,'https://lp2.hm.com/hmgoepprod?set=quality%5B79%5D%2Csource%5B%2Fdd%2Ffb%2Fddfbb9ff945326f98dcd0169d596fd7749e4fe4f.jpg%5D%2Corigin%5Bdam%5D%2Ccategory%5B%5D%2Ctype%5BDESCRIPTIVEDETAIL%5D%2Cres%5Bm%5D%2Chmver%5B2%5D&call=url[file:/product/fullscreen]',44),(80,'https://lp2.hm.com/hmgoepprod?set=quality%5B79%5D%2Csource%5B%2F4b%2Feb%2F4bebc4459513506b9dafe1b74f416d9c0b8dfb95.jpg%5D%2Corigin%5Bdam%5D%2Ccategory%5B%5D%2Ctype%5BDESCRIPTIVEDETAIL%5D%2Cres%5Bm%5D%2Chmver%5B2%5D&call=url[file:/product/fullscreen]',45),(81,'https://lp2.hm.com/hmgoepprod?set=quality%5B79%5D%2Csource%5B%2F46%2F7c%2F467cde6e07da214c83d22ef635330533a45fa814.jpg%5D%2Corigin%5Bdam%5D%2Ccategory%5B%5D%2Ctype%5BDESCRIPTIVESTILLLIFE%5D%2Cres%5Bm%5D%2Chmver%5B2%5D&call=url[file:/product/fullscreen]',45),(82,'https://images.footlocker.com/is/image/FLEU/315215667502_01?wid=2000&hei=2000&fmt=png-alpha',46),(83,'https://images.footlocker.com/is/image/FLEU/315215667502_02?wid=581&hei=581&fmt=png-alpha',46),(84,'https://images.footlocker.com/is/image/FLEU/315349264002_02?wid=581&hei=581&fmt=png-alpha',47),(85,'https://images.footlocker.com/is/image/FLEU/315349264002_01?wid=2000&hei=2000&fmt=png-alpha',47),(86,'https://images.footlocker.com/is/image/FLEU/315214923302_01?wid=2000&hei=2000&fmt=png-alpha',48),(87,'https://images.footlocker.com/is/image/FLEU/315214923302_02?wid=581&hei=581&fmt=png-alpha',48),(88,'https://images.footlocker.com/is/image/FLEU/315551676802_02?wid=581&hei=581&fmt=png-alpha',49),(89,'https://images.footlocker.com/is/image/FLEU/315551676802_01?wid=2000&hei=2000&fmt=png-alpha',49),(90,'https://images.footlocker.com/is/image/FLEU/315552241002_01?wid=2000&hei=2000&fmt=png-alpha',50),(91,'https://images.footlocker.com/is/image/FLEU/315552241002_02?wid=2000&hei=2000&fmt=png-alpha',50),(92,'https://images.footlocker.com/is/image/FLEU/315551391402_02?wid=581&hei=581&fmt=png-alpha',51),(93,'https://images.footlocker.com/is/image/FLEU/315551391402_01?wid=2000&hei=2000&fmt=png-alpha',51),(94,'https://images.footlocker.com/is/image/FLEU/315551740202_01?wid=2000&hei=2000&fmt=png-alpha',52),(95,'https://images.footlocker.com/is/image/FLEU/315551740202_02?wid=581&hei=581&fmt=png-alpha',52),(96,'https://images.footlocker.com/is/image/FLEU/315551050602_02?wid=2000&hei=2000&fmt=png-alpha',53),(97,'https://images.footlocker.com/is/image/FLEU/315551050602_01?wid=2000&hei=2000&fmt=png-alpha',53),(98,'https://images.footlocker.com/is/image/FLEU/315551246002_01?wid=2000&hei=2000&fmt=png-alpha',54),(99,'https://images.footlocker.com/is/image/FLEU/315551246002_02?wid=2000&hei=2000&fmt=png-alpha',54),(100,'https://lp2.hm.com/hmgoepprod?set=quality%5B79%5D%2Csource%5B%2F28%2F8a%2F288a20d01d3f32849f948acf68060b1c8d9d61ba.jpg%5D%2Corigin%5Bdam%5D%2Ccategory%5Bladies_accessories_bags_shouldercrossbags%5D%2Ctype%5BDESCRIPTIVESTILLLIFE%5D%2Cres%5Bm%5D%2Chmver%5B2%5D&call=url[file:/product/fullscreen]',55),(101,'https://lp2.hm.com/hmgoepprod?set=quality%5B79%5D%2Csource%5B%2Fab%2F72%2Fab726008670ecd3fba75f963a6d717d3d3b8d8b9.jpg%5D%2Corigin%5Bdam%5D%2Ccategory%5B%5D%2Ctype%5BDESCRIPTIVESTILLLIFE%5D%2Cres%5Bm%5D%2Chmver%5B2%5D&call=url[file:/product/fullscreen]',55),(102,'https://lp2.hm.com/hmgoepprod?set=quality%5B79%5D%2Csource%5B%2Fd7%2Fd2%2Fd7d2c05a7ba8217e1af1a7651ef97c8684006cd6.jpg%5D%2Corigin%5Bdam%5D%2Ccategory%5B%5D%2Ctype%5BDESCRIPTIVESTILLLIFE%5D%2Cres%5Bm%5D%2Chmver%5B2%5D&call=url[file:/product/fullscreen]',56),(103,'https://lp2.hm.com/hmgoepprod?set=quality%5B79%5D%2Csource%5B%2F03%2F93%2F039324aa2825c2a1c5364e791a72bbe369082ad8.jpg%5D%2Corigin%5Bdam%5D%2Ccategory%5B%5D%2Ctype%5BDESCRIPTIVESTILLLIFE%5D%2Cres%5Bm%5D%2Chmver%5B2%5D&call=url[file:/product/fullscreen]',56),(104,'https://lp2.hm.com/hmgoepprod?set=quality%5B79%5D%2Csource%5B%2F6f%2F82%2F6f820196185b62884b292f73292b7d50b0373865.jpg%5D%2Corigin%5Bdam%5D%2Ccategory%5B%5D%2Ctype%5BDESCRIPTIVEDETAIL%5D%2Cres%5Bm%5D%2Chmver%5B2%5D&call=url[file:/product/fullscreen]',57),(105,'https://lp2.hm.com/hmgoepprod?set=quality%5B79%5D%2Csource%5B%2F85%2F4b%2F854bff63ef28c58f610f63dbacdc45714c2eedc6.jpg%5D%2Corigin%5Bdam%5D%2Ccategory%5B%5D%2Ctype%5BDESCRIPTIVESTILLLIFE%5D%2Cres%5Bm%5D%2Chmver%5B2%5D&call=url[file:/product/fullscreen]',57),(106,'https://lp2.hm.com/hmgoepprod?set=quality%5B79%5D%2Csource%5B%2Fb5%2F8a%2Fb58a5ba216865ee4f5cc5ff7ba75d1e3fe1b2d43.jpg%5D%2Corigin%5Bdam%5D%2Ccategory%5B%5D%2Ctype%5BDESCRIPTIVESTILLLIFE%5D%2Cres%5Bm%5D%2Chmver%5B2%5D&call=url[file:/product/fullscreen]',58),(107,'https://lp2.hm.com/hmgoepprod?set=quality%5B79%5D%2Csource%5B%2F06%2Fbb%2F06bbebc9dc6cb1725f8a03331c49556de98b6f15.jpg%5D%2Corigin%5Bdam%5D%2Ccategory%5B%5D%2Ctype%5BDESCRIPTIVESTILLLIFE%5D%2Cres%5Bm%5D%2Chmver%5B2%5D&call=url[file:/product/fullscreen]',58),(108,'https://lp2.hm.com/hmgoepprod?set=quality%5B79%5D%2Csource%5B%2F95%2Fd6%2F95d6c1d96f1d14a0c2fdacef1180488190d978ff.jpg%5D%2Corigin%5Bdam%5D%2Ccategory%5B%5D%2Ctype%5BDESCRIPTIVESTILLLIFE%5D%2Cres%5Bm%5D%2Chmver%5B2%5D&call=url[file:/product/fullscreen]',59),(109,'https://lp2.hm.com/hmgoepprod?set=quality%5B79%5D%2Csource%5B%2Fe4%2F6e%2Fe46e0a1b5dad5a401d5d3e911b50e64ddaf9685e.jpg%5D%2Corigin%5Bdam%5D%2Ccategory%5B%5D%2Ctype%5BDESCRIPTIVESTILLLIFE%5D%2Cres%5Bm%5D%2Chmver%5B2%5D&call=url[file:/product/fullscreen]',59),(110,'https://lp2.hm.com/hmgoepprod?set=quality%5B79%5D%2Csource%5B%2F28%2F72%2F2872957c85ac661ee8b1ec5c83fda4e8ac5edda8.jpg%5D%2Corigin%5Bdam%5D%2Ccategory%5B%5D%2Ctype%5BDESCRIPTIVESTILLLIFE%5D%2Cres%5Bm%5D%2Chmver%5B2%5D&call=url[file:/product/fullscreen]',60),(111,'https://lp2.hm.com/hmgoepprod?set=quality%5B79%5D%2Csource%5B%2Fa1%2F11%2Fa1119312fc597031591c8bce1ebf1aeabb07c4d1.jpg%5D%2Corigin%5Bdam%5D%2Ccategory%5B%5D%2Ctype%5BDESCRIPTIVESTILLLIFE%5D%2Cres%5Bm%5D%2Chmver%5B2%5D&call=url[file:/product/fullscreen]',60),(112,'https://lp2.hm.com/hmgoepprod?set=quality%5B79%5D%2Csource%5B%2Fe5%2F5a%2Fe55a650bbc4e2f45af41764c214f42c9ae58f6fb.jpg%5D%2Corigin%5Bdam%5D%2Ccategory%5Bkids_boys_clothing_tshirtsshirts_tshirts%5D%2Ctype%5BDESCRIPTIVEDETAIL%5D%2Cres%5Bm%5D%2Chmver%5B2%5D&call=url[file:/product/fullscreen]',61),(113,'https://lp2.hm.com/hmgoepprod?set=quality%5B79%5D%2Csource%5B%2Ff6%2F3c%2Ff63cb73ee0b0df18106a1d35d48bb989fb13c51b.jpg%5D%2Corigin%5Bdam%5D%2Ccategory%5Bkids_boys_clothing_tshirtsshirts_tshirts%5D%2Ctype%5BDESCRIPTIVESTILLLIFE%5D%2Cres%5Bm%5D%2Chmver%5B2%5D&call=url[file:/product/fullscreen]',61),(114,'https://lp2.hm.com/hmgoepprod?set=quality%5B79%5D%2Csource%5B%2F51%2Ffb%2F51fb144969b66dcd5bed1584ad18e63d5cd4748f.jpg%5D%2Corigin%5Bdam%5D%2Ccategory%5Bkids_boys_clothing_tshirtsshirts_tshirts%5D%2Ctype%5BDESCRIPTIVESTILLLIFE%5D%2Cres%5Bm%5D%2Chmver%5B2%5D&call=url[file:/product/fullscreen]',62),(115,'https://lp2.hm.com/hmgoepprod?set=quality%5B79%5D%2Csource%5B%2F93%2Fe4%2F93e44b01130338ae4835d077f44a67a71190b450.jpg%5D%2Corigin%5Bdam%5D%2Ccategory%5Bkids_boys_clothing_tshirtsshirts_tshirts%5D%2Ctype%5BDESCRIPTIVEDETAIL%5D%2Cres%5Bm%5D%2Chmver%5B2%5D&call=url[file:/product/fullscreen]',62),(116,'https://lp2.hm.com/hmgoepprod?set=quality%5B79%5D%2Csource%5B%2F5b%2F3a%2F5b3ab0804eea82a3f7c20868ddf4ba5ebc82dd3e.jpg%5D%2Corigin%5Bdam%5D%2Ccategory%5B%5D%2Ctype%5BDESCRIPTIVEDETAIL%5D%2Cres%5Bm%5D%2Chmver%5B2%5D&call=url[file:/product/fullscreen]',63),(117,'https://lp2.hm.com/hmgoepprod?set=quality%5B79%5D%2Csource%5B%2Fe1%2F90%2Fe1909d2ba7836f8bef870289bf3bda5095a0e85b.jpg%5D%2Corigin%5Bdam%5D%2Ccategory%5B%5D%2Ctype%5BDESCRIPTIVESTILLLIFE%5D%2Cres%5Bm%5D%2Chmver%5B2%5D&call=url[file:/product/fullscreen]',63),(118,'https://lp2.hm.com/hmgoepprod?set=quality%5B79%5D%2Csource%5B%2Fb9%2F38%2Fb938aaceb44a52343a058069b896b2f10a3818b1.jpg%5D%2Corigin%5Bdam%5D%2Ccategory%5B%5D%2Ctype%5BDESCRIPTIVESTILLLIFE%5D%2Cres%5Bm%5D%2Chmver%5B2%5D&call=url[file:/product/fullscreen]',64),(119,'https://lp2.hm.com/hmgoepprod?set=quality%5B79%5D%2Csource%5B%2F26%2F6a%2F266abd4ecbfd1a86c8bec353f146f98f3cd2b565.jpg%5D%2Corigin%5Bdam%5D%2Ccategory%5B%5D%2Ctype%5BDESCRIPTIVEDETAIL%5D%2Cres%5Bm%5D%2Chmver%5B2%5D&call=url[file:/product/fullscreen]',64),(120,'https://lp2.hm.com/hmgoepprod?set=quality%5B79%5D%2Csource%5B%2Fd4%2Fc1%2Fd4c1e8f56780fa7d2e2880b0da08fe4120eba0e8.jpg%5D%2Corigin%5Bdam%5D%2Ccategory%5Bkids_oldergirls_clothing_topstshirts_tshirts%5D%2Ctype%5BDESCRIPTIVEDETAIL%5D%2Cres%5Bm%5D%2Chmver%5B2%5D&call=url[file:/product/fullscreen]',65),(121,'https://lp2.hm.com/hmgoepprod?set=quality%5B79%5D%2Csource%5B%2F03%2F20%2F0320de86cc3b3b862aa18687c3600cffbc8baa42.jpg%5D%2Corigin%5Bdam%5D%2Ccategory%5Bkids_oldergirls_clothing_topstshirts_tshirts%5D%2Ctype%5BDESCRIPTIVESTILLLIFE%5D%2Cres%5Bm%5D%2Chmver%5B2%5D&call=url[file:/product/fullscreen]',65),(122,'https://lp2.hm.com/hmgoepprod?set=quality%5B79%5D%2Csource%5B%2F31%2F1f%2F311f6b6b5d120433e516aa9be857a6cff87826a8.jpg%5D%2Corigin%5Bdam%5D%2Ccategory%5Bkids_oldergirls_clothing_topstshirts_tshirts%5D%2Ctype%5BDESCRIPTIVESTILLLIFE%5D%2Cres%5Bm%5D%2Chmver%5B2%5D&call=url[file:/product/fullscreen]',66),(123,'https://lp2.hm.com/hmgoepprod?set=quality%5B79%5D%2Csource%5B%2F92%2Fdc%2F92dc047f56b6fa55c6abbf16af9c48bc77956417.jpg%5D%2Corigin%5Bdam%5D%2Ccategory%5Bkids_oldergirls_clothing_topstshirts_tshirts%5D%2Ctype%5BDESCRIPTIVEDETAIL%5D%2Cres%5Bm%5D%2Chmver%5B2%5D&call=url[file:/product/fullscreen]',66),(124,'https://lp2.hm.com/hmgoepprod?set=quality%5B79%5D%2Csource%5B%2F37%2Fa9%2F37a942e06b05130f28af0eecce46489500298a09.jpg%5D%2Corigin%5Bdam%5D%2Ccategory%5B%5D%2Ctype%5BDESCRIPTIVESTILLLIFE%5D%2Cres%5Bm%5D%2Chmver%5B2%5D&call=url[file:/product/fullscreen]',67),(125,'https://lp2.hm.com/hmgoepprod?set=quality%5B79%5D%2Csource%5B%2F8a%2F0d%2F8a0d8a5aa2a522ed3c07f70e209c21159168afd2.jpg%5D%2Corigin%5Bdam%5D%2Ccategory%5B%5D%2Ctype%5BDESCRIPTIVEDETAIL%5D%2Cres%5Bm%5D%2Chmver%5B2%5D&call=url[file:/product/fullscreen]',67),(126,'https://lp2.hm.com/hmgoepprod?set=quality%5B79%5D%2Csource%5B%2F4d%2F11%2F4d11c38b5ef6684b5e6aec0dc733fc8d7960bdf1.jpg%5D%2Corigin%5Bdam%5D%2Ccategory%5B%5D%2Ctype%5BDESCRIPTIVEDETAIL%5D%2Cres%5Bm%5D%2Chmver%5B2%5D&call=url[file:/product/fullscreen]',68),(127,'https://lp2.hm.com/hmgoepprod?set=quality%5B79%5D%2Csource%5B%2Fdf%2Fd3%2Fdfd31a3656f50ef7b16815700a1b64f506c56674.jpg%5D%2Corigin%5Bdam%5D%2Ccategory%5B%5D%2Ctype%5BDESCRIPTIVESTILLLIFE%5D%2Cres%5Bm%5D%2Chmver%5B2%5D&call=url[file:/product/fullscreen]',68),(128,'https://lp2.hm.com/hmgoepprod?set=quality%5B79%5D%2Csource%5B%2Fb4%2F1e%2Fb41e6c61f3de90f4448b02c09abdeb3ca19b46a2.jpg%5D%2Corigin%5Bdam%5D%2Ccategory%5Bkids_oldergirls_clothing_trousersjeans_trousers%5D%2Ctype%5BDESCRIPTIVESTILLLIFE%5D%2Cres%5Bm%5D%2Chmver%5B2%5D&call=url[file:/product/fullscreen]',69),(129,'https://lp2.hm.com/hmgoepprod?set=quality%5B79%5D%2Csource%5B%2F69%2F77%2F697704d36196468e7a7e2d16b8813c305b224f4b.jpg%5D%2Corigin%5Bdam%5D%2Ccategory%5Bkids_oldergirls_clothing_trousersjeans_trousers%5D%2Ctype%5BDESCRIPTIVEDETAIL%5D%2Cres%5Bm%5D%2Chmver%5B2%5D&call=url[file:/product/fullscreen]',69),(130,'https://lp2.hm.com/hmgoepprod?set=quality%5B79%5D%2Csource%5B%2F39%2Fb8%2F39b825b2dcb721bd4368dc2d13f7b3d2f0260e96.jpg%5D%2Corigin%5Bdam%5D%2Ccategory%5B%5D%2Ctype%5BDESCRIPTIVEDETAIL%5D%2Cres%5Bm%5D%2Chmver%5B2%5D&call=url[file:/product/fullscreen]',70),(131,'https://lp2.hm.com/hmgoepprod?set=quality%5B79%5D%2Csource%5B%2F4a%2F9f%2F4a9fc7bf75e4c152e7904dfc1aeec3d6892b3bd4.jpg%5D%2Corigin%5Bdam%5D%2Ccategory%5B%5D%2Ctype%5BDESCRIPTIVESTILLLIFE%5D%2Cres%5Bm%5D%2Chmver%5B2%5D&call=url[file:/product/fullscreen]',70),(132,'https://lp2.hm.com/hmgoepprod?set=quality%5B79%5D%2Csource%5B%2F14%2Fc4%2F14c447e048fdd667a51199209b187e099f318690.jpg%5D%2Corigin%5Bdam%5D%2Ccategory%5B%5D%2Ctype%5BDESCRIPTIVESTILLLIFE%5D%2Cres%5Bm%5D%2Chmver%5B2%5D&call=url[file:/product/fullscreen]',71),(133,'https://lp2.hm.com/hmgoepprod?set=quality%5B79%5D%2Csource%5B%2F75%2F53%2F7553236157838193c804a20d2faed53885055080.jpg%5D%2Corigin%5Bdam%5D%2Ccategory%5B%5D%2Ctype%5BDESCRIPTIVEDETAIL%5D%2Cres%5Bm%5D%2Chmver%5B2%5D&call=url[file:/product/fullscreen]',71),(134,'https://lp2.hm.com/hmgoepprod?set=quality%5B79%5D%2Csource%5B%2Fe4%2F73%2Fe4731bb0bd5b705c0a42bd643db5de5faaae4479.jpg%5D%2Corigin%5Bdam%5D%2Ccategory%5Bkids_boys14y_trousers%5D%2Ctype%5BDESCRIPTIVEDETAIL%5D%2Cres%5Bm%5D%2Chmver%5B2%5D&call=url[file:/product/fullscreen]',72),(135,'https://lp2.hm.com/hmgoepprod?set=quality%5B79%5D%2Csource%5B%2F72%2Fd7%2F72d70d13ea82660ed84ce5414863dd2910de083f.jpg%5D%2Corigin%5Bdam%5D%2Ccategory%5Bkids_boys14y_trousers%5D%2Ctype%5BDESCRIPTIVESTILLLIFE%5D%2Cres%5Bm%5D%2Chmver%5B2%5D&call=url[file:/product/fullscreen]',72),(136,'https://lp2.hm.com/hmgoepprod?set=quality%5B79%5D%2Csource%5B%2Ff3%2F28%2Ff32897d79fece9780b9bb1613d956e222024310f.jpg%5D%2Corigin%5Bdam%5D%2Ccategory%5Bkids_oldergirls_clothing_basics%5D%2Ctype%5BDESCRIPTIVESTILLLIFE%5D%2Cres%5Bm%5D%2Chmver%5B2%5D&call=url[file:/product/fullscreen]',73),(137,'https://lp2.hm.com/hmgoepprod?set=quality%5B79%5D%2Csource%5B%2Fd3%2Ff5%2Fd3f5491a4e6d235bba9c1ee59c10e05cfbe2b8cc.jpg%5D%2Corigin%5Bdam%5D%2Ccategory%5Bkids_oldergirls_clothing_basics%5D%2Ctype%5BDESCRIPTIVEDETAIL%5D%2Cres%5Bm%5D%2Chmver%5B2%5D&call=url[file:/product/fullscreen]',73),(138,'https://lp2.hm.com/hmgoepprod?set=quality%5B79%5D%2Csource%5B%2F3a%2Fd3%2F3ad38a3a329bc8c756f6d4df17c92e2695eec9fc.jpg%5D%2Corigin%5Bdam%5D%2Ccategory%5B%5D%2Ctype%5BDESCRIPTIVESTILLLIFE%5D%2Cres%5Bm%5D%2Chmver%5B2%5D&call=url[file:/product/fullscreen]',74),(139,'https://lp2.hm.com/hmgoepprod?set=quality%5B79%5D%2Csource%5B%2F45%2F0f%2F450f9811a1e77b0402bde690ce1e5cc6b4e39da7.jpg%5D%2Corigin%5Bdam%5D%2Ccategory%5B%5D%2Ctype%5BDESCRIPTIVEDETAIL%5D%2Cres%5Bm%5D%2Chmver%5B2%5D&call=url[file:/product/fullscreen]',74),(140,'https://lp2.hm.com/hmgoepprod?set=quality%5B79%5D%2Csource%5B%2F25%2F4f%2F254f5199b1f2a7b71c02234412350eccba7bdfd0.jpg%5D%2Corigin%5Bdam%5D%2Ccategory%5B%5D%2Ctype%5BDESCRIPTIVEDETAIL%5D%2Cres%5Bm%5D%2Chmver%5B2%5D&call=url[file:/product/fullscreen]',75),(141,'https://lp2.hm.com/hmgoepprod?set=quality%5B79%5D%2Csource%5B%2F7e%2F77%2F7e77e0ce66dc7a7c915beef677f1d39c8fe3b74a.jpg%5D%2Corigin%5Bdam%5D%2Ccategory%5B%5D%2Ctype%5BDESCRIPTIVESTILLLIFE%5D%2Cres%5Bm%5D%2Chmver%5B2%5D&call=url[file:/product/fullscreen]',75),(142,'https://lp2.hm.com/hmgoepprod?set=quality%5B79%5D%2Csource%5B%2Fad%2F24%2Fad248cc9c5a8de4ac0254315346b030fd1592bab.jpg%5D%2Corigin%5Bdam%5D%2Ccategory%5B%5D%2Ctype%5BDESCRIPTIVESTILLLIFE%5D%2Cres%5Bm%5D%2Chmver%5B2%5D&call=url[file:/product/fullscreen]',76),(143,'https://lp2.hm.com/hmgoepprod?set=quality%5B79%5D%2Csource%5B%2F05%2Ff6%2F05f6011a500d3dc5f768ce3f786720487d4a5668.jpg%5D%2Corigin%5Bdam%5D%2Ccategory%5B%5D%2Ctype%5BDESCRIPTIVEDETAIL%5D%2Cres%5Bm%5D%2Chmver%5B2%5D&call=url[file:/product/fullscreen]',76),(144,'https://lp2.hm.com/hmgoepprod?set=quality%5B79%5D%2Csource%5B%2F44%2Fce%2F44ce913b0f7cb658ad795a9c04a3370d4bcfc0b2.jpg%5D%2Corigin%5Bdam%5D%2Ccategory%5B%5D%2Ctype%5BDESCRIPTIVEDETAIL%5D%2Cres%5Bm%5D%2Chmver%5B2%5D&call=url[file:/product/fullscreen]',77),(145,'https://lp2.hm.com/hmgoepprod?set=quality%5B79%5D%2Csource%5B%2Ff3%2Fd9%2Ff3d9c8224f9dedf436b8724e79ca8e89000c64fa.jpg%5D%2Corigin%5Bdam%5D%2Ccategory%5B%5D%2Ctype%5BDESCRIPTIVESTILLLIFE%5D%2Cres%5Bm%5D%2Chmver%5B2%5D&call=url[file:/product/fullscreen]',77),(146,'https://images.footlocker.com/is/image/FLEU/316478961804_02?wid=581&hei=581&fmt=png-alpha',79),(147,'https://images.footlocker.com/is/image/FLEU/316478961804_01?wid=2000&hei=2000&fmt=png-alpha',79),(148,'https://images.footlocker.com/is/image/FLEU/316476433004_01?wid=2000&hei=2000&fmt=png-alpha',80),(149,'https://images.footlocker.com/is/image/FLEU/316476433004_02?wid=2000&hei=2000&fmt=png-alpha',80),(150,'https://lp2.hm.com/hmgoepprod?set=quality%5B79%5D%2Csource%5B%2F2d%2F11%2F2d118e2ba1f2654e6f25f2645a5c6659e669d4d7.jpg%5D%2Corigin%5Bdam%5D%2Ccategory%5B%5D%2Ctype%5BDESCRIPTIVESTILLLIFE%5D%2Cres%5Bm%5D%2Chmver%5B2%5D&call=url[file:/product/fullscreen]',78),(151,'https://lp2.hm.com/hmgoepprod?set=quality%5B79%5D%2Csource%5B%2Fb8%2F22%2Fb822b3403e7d7080c24a2f8a30b02dea036c517a.jpg%5D%2Corigin%5Bdam%5D%2Ccategory%5B%5D%2Ctype%5BDESCRIPTIVEDETAIL%5D%2Cres%5Bm%5D%2Chmver%5B2%5D&call=url[file:/product/fullscreen]',78),(152,'https://images.footlocker.com/is/image/FLEU/316478923804_02?wid=2000&hei=2000&fmt=png-alpha',81),(153,'https://images.footlocker.com/is/image/FLEU/316478923804_01?wid=2000&hei=2000&fmt=png-alpha',81),(154,'https://images.footlocker.com/is/image/FLEU/316475872004_01?wid=2000&hei=2000&fmt=png-alpha',82),(155,'https://images.footlocker.com/is/image/FLEU/316475872004_02?wid=2000&hei=2000&fmt=png-alpha',82),(156,'https://images.footlocker.com/is/image/FLEU/316475747404_01?wid=2000&hei=2000&fmt=png-alpha',83),(157,'https://images.footlocker.com/is/image/FLEU/316475747404_02?wid=2000&hei=2000&fmt=png-alpha',83),(158,'https://images.footlocker.com/is/image/FLEU/316476418104_02?wid=2000&hei=2000&fmt=png-alpha',84),(159,'https://images.footlocker.com/is/image/FLEU/316476418104_01?wid=2000&hei=2000&fmt=png-alpha',84),(160,'https://img01.ztat.net/article/spp-media-p1/3f36cd15083e40c1b5a53a55fff24130/c802dfe2563348c3a632f7da243417e3.jpg?imwidth=1800&filter=packshot',85),(161,'https://img01.ztat.net/article/spp-media-p1/e9c922f50e254083ac5c67be60e2eed5/e2e1930de97444be9271611ffb48f731.jpg?imwidth=1800',85),(162,'https://img01.ztat.net/article/spp-media-p1/1c0e1f63631f44f7a8688685a9dff00f/00365b01c97943bf930cd9dd13dd1301.jpg?imwidth=1800',86),(163,'https://img01.ztat.net/article/spp-media-p1/f7ddce07e4cd463f9bf142e5d9dd1f88/1cbc727b573a41269ccd74b523c52155.jpg?imwidth=1800&filter=packshot',86),(164,'https://img01.ztat.net/article/spp-media-p1/87a6320f4f3a49aab6b5190ad11ed6a1/303bdefc41014a45bda8ff5a61fba0c3.jpg?imwidth=1800&filter=packshot',87),(165,'https://img01.ztat.net/article/spp-media-p1/fe834403a5c1487ea71ca7335ca2e39c/1cf154404eaf463e8589e687842f5dd5.jpg?imwidth=1800',87),(166,'https://images.footlocker.com/is/image/FLEU/319642343570_01?wid=2000&hei=2000&fmt=png-alpha',88),(167,'https://images.footlocker.com/is/image/FLEU/319642343570_02?wid=2000&hei=2000&fmt=png-alpha',88),(168,'https://images.footlocker.com/is/image/FLEU/319643081980_02?wid=2000&hei=2000&fmt=png-alpha',89),(169,'https://images.footlocker.com/is/image/FLEU/319643081980_01?wid=2000&hei=2000&fmt=png-alpha',89),(170,'https://images.footlocker.com/is/image/FLEU/319642872280_01?wid=2000&hei=2000&fmt=png-alpha',90),(171,'https://images.footlocker.com/is/image/FLEU/319642872280_02?wid=2000&hei=2000&fmt=png-alpha',90),(172,'https://lp2.hm.com/hmgoepprod?set=quality%5B79%5D%2Csource%5B%2Fcd%2Fd2%2Fcdd25a1dd6d3c1b0b4a94ddf8216c03fe3596cd5.jpg%5D%2Corigin%5Bdam%5D%2Ccategory%5B%5D%2Ctype%5BDESCRIPTIVESTILLLIFE%5D%2Cres%5Bm%5D%2Chmver%5B2%5D&call=url[file:/product/fullscreen]',91),(173,'https://lp2.hm.com/hmgoepprod?set=quality%5B79%5D%2Csource%5B%2F78%2Fd6%2F78d61e55cc62f02268575ccfdfbaf29d5e93ce11.jpg%5D%2Corigin%5Bdam%5D%2Ccategory%5B%5D%2Ctype%5BDESCRIPTIVESTILLLIFE%5D%2Cres%5Bm%5D%2Chmver%5B2%5D&call=url[file:/product/fullscreen]',91),(174,'https://lp2.hm.com/hmgoepprod?set=quality%5B79%5D%2Csource%5B%2F4d%2F93%2F4d93bd4f354ba7cb88e670c9e80414d07d89a859.jpg%5D%2Corigin%5Bdam%5D%2Ccategory%5Bkids_girls_accessories_sunglasses%5D%2Ctype%5BDESCRIPTIVESTILLLIFE%5D%2Cres%5Bm%5D%2Chmver%5B2%5D&call=url[file:/product/fullscreen]',92),(175,'https://lp2.hm.com/hmgoepprod?set=quality%5B79%5D%2Csource%5B%2F2a%2F4c%2F2a4c33a2587d5330fa8aae18ca4bf187ec28797d.jpg%5D%2Corigin%5Bdam%5D%2Ccategory%5Bkids_girls_accessories_sunglasses%5D%2Ctype%5BDESCRIPTIVESTILLLIFE%5D%2Cres%5Bm%5D%2Chmver%5B2%5D&call=url[file:/product/fullscreen]',92),(176,'https://lp2.hm.com/hmgoepprod?set=quality%5B79%5D%2Csource%5B%2F2c%2F09%2F2c0938dc1e9e2cfd9a5ba1ca7ba1a02601134c98.jpg%5D%2Corigin%5Bdam%5D%2Ccategory%5B%5D%2Ctype%5BDESCRIPTIVESTILLLIFE%5D%2Cres%5Bm%5D%2Chmver%5B2%5D&call=url[file:/product/fullscreen]',93),(177,'https://lp2.hm.com/hmgoepprod?set=quality%5B79%5D%2Csource%5B%2Fae%2F99%2Fae99370ab29af05bca590b4fe5149a3ca88a7308.jpg%5D%2Corigin%5Bdam%5D%2Ccategory%5B%5D%2Ctype%5BDESCRIPTIVEDETAIL%5D%2Cres%5Bm%5D%2Chmver%5B2%5D&call=url[file:/product/fullscreen]',93);
/*!40000 ALTER TABLE `product_images` ENABLE KEYS */;
UNLOCK TABLES;

--
-- Table structure for table `products`
--

DROP TABLE IF EXISTS `products`;
/*!40101 SET @saved_cs_client     = @@character_set_client */;
/*!50503 SET character_set_client = utf8mb4 */;
CREATE TABLE `products` (
  `product_id` bigint NOT NULL AUTO_INCREMENT,
  `description` varchar(255) DEFAULT NULL,
  `name` varchar(255) DEFAULT NULL,
  `price` double NOT NULL,
  `quantity` int NOT NULL,
  PRIMARY KEY (`product_id`)
) ENGINE=InnoDB AUTO_INCREMENT=94 DEFAULT CHARSET=utf8mb4 COLLATE=utf8mb4_unicode_520_ci;
/*!40101 SET character_set_client = @saved_cs_client */;

--
-- Dumping data for table `products`
--

LOCK TABLES `products` WRITE;
/*!40000 ALTER TABLE `products` DISABLE KEYS */;
INSERT INTO `products` VALUES (1,'Confortable et élégant, ce T-shirt pour hommes est parfait pour toutes les occasions.','T-shirt \"Urban Chic\"',24.99,50),(2,'Un design audacieux et un ajustement parfait font de ce T-shirt un incontournable pour votre garde-robe.','T-shirt \"Street Swagger\"',29.99,40),(3,'Exprimez votre style avec ce T-shirt unique qui allie confort et tendance.','T-shirt \"Rétro Cool\"',34.99,30),(4,'Élégante et sophistiquée, cette chemise pour hommes est un choix parfait pour le bureau ou une soirée décontractée.','Chemise \"Gentleman\"',49.99,20),(5,'Cette chemise en coton de haute qualité offre un mélange parfait de confort et de style.','Chemise \"Modern Classic\"',54.99,15),(6,'Ajoutez une touche de couleur à votre tenue avec cette chemise à motifs vibrants.','Chemise \"Color Burst\"',59.99,25),(7,'Parfait pour les journées ensoleillées, ce short pour hommes offre un confort inégalé et un style décontracté.','Short \"Sunset Vibes\"',39.99,35),(8,'Profitez du confort toute la journée avec ce short léger et respirant.','Short \"Breeze Maker\"',44.99,25),(9,'Ce short cargo robuste est idéal pour une journée d\'aventures en plein air.','Short \"Explorer\"',49.99,20),(10,'Élégant et polyvalent, ce pantalon pour hommes est parfait pour toutes les occasions, du travail aux sorties entre amis.','Pantalon \"City Chic\"',59.99,30),(11,'Un pantalon ajusté qui offre confort et style en toutes saisons.','Pantalon \"Urban Edge\"',64.99,20),(12,'Ce pantalon cargo durable est conçu pour les hommes actifs qui ne veulent pas sacrifier le style.','Pantalon \"Adventure Seeker\"',69.99,25),(13,'Affirmez votre style avec ces baskets tendance qui offrent confort et durabilité.','Baskets \"Street Flex\"',79.99,40),(14,'Ces baskets polyvalentes sont parfaites pour une journée bien remplie en ville.','Baskets \"City Explorer\"',84.99,35),(15,'Optez pour ces baskets sportives qui combinent performance et style.','Baskets \"Athletic Fusion\"',89.99,30),(16,'Restez au chaud et confortable avec ce sweatshirt tendance pour hommes, parfait pour les journées décontractées.','Sweatshirt \"Street Style\"',54.99,25),(17,'Ce sweatshirt polyvalent est un incontournable de toute garde-robe masculine, offrant confort et style.','Sweatshirt \"Casual Cool\"',59.99,20),(18,'Affichez votre style avec ce sweatshirt élégant, idéal pour les moments de détente ou une journée en ville.','Sweatshirt \"Urban Vibe\"',64.99,30),(19,'Conçues pour l\'aventure, ces bottes robustes offrent un maintien optimal et une protection contre les éléments.','Bottes \"Explorer Pro\"',99.99,25),(20,'Ces bottes en cuir véritable sont un choix élégant et fonctionnel pour les hommes modernes.','Bottes \"Urban Elegance\"',104.99,20),(21,'Alliant style et confort, ces bottes sont parfaites pour une journée en plein air ou une soirée en ville.','Bottes \"Outdoor Chic\"',109.99,15),(25,'Ce sac à dos spacieux et fonctionnel est idéal pour transporter tous vos essentiels avec style.','Sac à dos \"City Explorer\"',69.99,30),(26,'Gardez vos affaires organisées et sécurisées avec ce sac à dos polyvalent doté de multiples poches.','Sac à dos \"Urban Nomad\"',74.99,25),(27,'Ajoutez une touche de sophistication à votre look avec ce sac à dos en cuir élégant et durable.','Sac à dos \"Luxury Traveller\"',79.99,20),(28,'Affichez votre style avec cette montre élégante qui allie design moderne et fonctionnalité.','Montre \"Urban Elegance\"',159.99,15),(29,'Cette montre sophistiquée est un accessoire intemporel qui complétera parfaitement votre tenue.','Montre \"Classic Timepiece\"',169.99,10),(30,'Conçue pour les hommes modernes, cette montre combine un design élégant avec des fonctionnalités avancées.','Montre \"Tech Explorer\"',179.99,20),(31,'Ajoutez une touche de féminité à votre tenue avec ce T-shirt tendance pour femmes.','T-shirt \"Floral Charm\"',29.99,50),(32,'Ce T-shirt léger et confortable est parfait pour les journées ensoleillées et les soirées décontractées.','T-shirt \"Sunshine Dream\"',34.99,40),(33,'Exprimez votre style avec ce T-shirt moderne qui allie confort et élégance.','T-shirt \"Urban Chic\"',39.99,30),(34,'Cette chemise pour femmes offre un mélange parfait de style décontracté et de sophistication.','Chemise \"Casual Elegance\"',49.99,20),(35,'Ajoutez une touche de glamour à votre look avec cette chemise élégante à motifs.','Chemise \"Glamorous Prints\"',54.99,15),(36,'Cette chemise en lin léger est idéale pour les journées chaudes d\'été.','Chemise \"Breezy Linen\"',59.99,25),(37,'Flirtez avec la mode avec cette jupe plissée qui ajoute une touche de féminité à votre tenue.','Jupe \"Pleated Elegance\"',39.99,35),(38,'Cette jupe midi à imprimé floral est parfaite pour une journée en ville ou une escapade romantique.','Jupe \"Floral Fantasy\"',44.99,25),(39,'Optez pour cette jupe en jean tendance pour un look décontracté et élégant.','Jupe \"Denim Delight\"',49.99,20),(40,'Affichez votre style avec ces pantalons ajustés qui offrent confort et élégance en toute occasion.','Pantalon \"Slim Fit Chic\"',59.99,30),(41,'Ces pantalons palazzo légers et fluides sont parfaits pour une journée ensoleillée ou une soirée chic.','Pantalon \"Palazzo Glam\"',64.99,20),(42,'Optez pour ces pantalons cargo fonctionnels pour un look décontracté et tendance.','Pantalon \"Cargo Cool\"',69.99,25),(43,'Cette robe féminine à volants est parfaite pour une journée ensoleillée ou une soirée romantique.','Robe \"Ruffle Romance\"',79.99,40),(44,'Affichez votre style avec cette robe midi à imprimé floral qui allie confort et élégance.','Robe \"Floral Fantasy\"',84.99,35),(45,'Optez pour cette robe maxi élégante pour un look sophistiqué qui ne passera pas inaperçu.','Robe \"Maxi Elegance\"',89.99,30),(46,'Ajoutez une touche de style à vos tenues décontractées avec ces baskets tendance pour femmes.','Baskets \"Street Chic\"',79.99,25),(47,'Optez pour ces baskets légères et respirantes pour un confort ultime tout au long de la journée.','Baskets \"Comfort Fusion\"',84.99,20),(48,'Affichez votre côté sportif avec ces baskets polyvalentes qui allient style et performance.','Baskets \"Sporty Glam\"',89.99,15),(49,'Ajoutez une touche d\'élégance à votre look avec ces bottes en cuir véritable qui allient style et confort.','Bottes \"Leather Luxe\"',99.99,25),(50,'Optez pour ces bottes à talons hauts pour un look audacieux et féminin qui fera tourner les têtes.','Bottes \"High Heel Glam\"',104.99,20),(51,'Affrontez le froid avec style avec ces bottes fourrées qui vous garderont au chaud et à la mode.','Bottes \"Winter Chic\"',109.99,15),(52,'Gardez vos pieds au frais et à l\'aise avec ces sandales légères et confortables.','Sandales \"Summer Breeze\"',49.99,30),(53,'Optez pour ces sandales à talons compensés pour un look élégant et confortable en toutes circonstances.','Sandales \"Wedge Elegance\"',54.99,25),(54,'Affichez votre style avec ces sandales à lacets qui ajoutent une touche de sophistication à vos tenues d\'été.','Sandales \"Lace-Up Chic\"',59.99,20),(55,'Affichez votre style avec ce sac à main élégant qui offre amplement d\'espace pour tous vos essentiels.','Sac à main \"Chic Classic\"',79.99,30),(56,'Optez pour ce sac à main tendance qui ajoutera une touche de glamour à n\'importe quelle tenue.','Sac à main \"Glamorous Touch\"',84.99,25),(57,'Gardez vos affaires organisées et à portée de main avec ce sac à main polyvalent et pratique.','Sac à main \"Versatile Companion\"',89.99,20),(58,'Ajoutez une touche d\'éclat à votre look avec ce collier élégant orné de cristaux scintillants.','Collier \"Crystal Sparkle\"',149.99,15),(59,'Affichez votre style avec ces boucles d\'oreilles sophistiquées qui ajoutent une touche de glamour à n\'importe quelle tenue.','Boucles d\'oreilles \"Elegant Sparkle\"',159.99,10),(60,'Optez pour ce bracelet chic qui complétera parfaitement votre look du jour ou de la nuit.','Bracelet \"Chic Statement\"',169.99,20),(61,'Votre petit aventurier adorera ce T-shirt avec son motif de super-héros préféré.','T-shirt \"Hero Adventure\"',19.99,50),(62,'Ajoutez une touche de fantaisie à la garde-robe de votre petit garçon avec ce T-shirt coloré.','T-shirt \"Color Blast\"',24.99,40),(63,'Optez pour ce T-shirt amusant avec un imprimé ludique qui ravira votre petit garçon.','T-shirt \"Playful Prints\"',29.99,30),(64,'Votre petite princesse adorera ce T-shirt orné de paillettes et de motifs féériques.','T-shirt \"Sparkling Princess\"',24.99,50),(65,'Ajoutez une touche de magie à la garde-robe de votre petite fille avec ce T-shirt doux et confortable.','T-shirt \"Magical Charm\"',29.99,40),(66,'Optez pour ce T-shirt adorable avec un imprimé mignon qui fera sourire votre petite fille.','T-shirt \"Cute Creatures\"',34.99,30),(67,'Ces pantalons en denim confortables sont parfaits pour les journées de jeu actives de votre petite fille.','Pantalons \"Denim Delight\"',34.99,35),(68,'Optez pour ces leggings colorés et extensibles qui offrent confort et style à votre petite fille.','Leggings \"Rainbow Joy\"',39.99,25),(69,'Affichez le style de votre petite fille avec ces pantalons imprimés floraux qui ajoutent une touche de fantaisie à sa tenue.','Pantalons \"Floral Fantasy\"',44.99,20),(70,'Ces pantalons cargo robustes sont parfaits pour les aventures en plein air de votre petit garçon.','Pantalons \"Adventure Explorer\"',39.99,30),(71,'Optez pour ces jeans classiques qui offrent confort et durabilité à votre petit garçon.','Jeans \"Classic Denim\"',44.99,20),(72,'Affichez le côté cool de votre petit garçon avec ces pantalons chinos élégants et confortables.','Pantalons \"Chino Cool\"',49.99,25),(73,'Votre petite fille se sentira comme une princesse dans cette robe de bal élégante avec des détails en dentelle.','Robe \"Princess Dream\"',49.99,40),(74,'Optez pour cette robe à volants qui offre une touche de féminité et de légèreté à la tenue de votre petite fille.','Robe \"Fluttery Finesse\"',54.99,35),(75,'Affichez le style de votre petite fille avec cette robe imprimée qui est à la fois ludique et élégante.','Robe \"Printed Charm\"',59.99,30),(76,'Ce charmant ensemble de chemise et pantalon ajoutera une touche de sophistication à la garde-robe de votre enfant.','Ensemble \"Smart Style\"',59.99,30),(77,'Optez pour cet ensemble décontracté de T-shirt et short qui offre confort et style pour les journées ensoleillées.','Ensemble \"Summer Fun\"',64.99,25),(78,'Affichez le côté cool de votre enfant avec cet ensemble de sweat à capuche et pantalon en molleton confortable.','Ensemble \"Chill Out\"',69.99,20),(79,'Optez pour ces baskets sportives qui offrent confort et soutien pour les aventures quotidiennes de votre petit garçon.','Baskets \"Sporty Explorer\"',69.99,25),(80,'Affichez le style de votre petit garçon avec ces baskets tendance qui ajoutent une touche de cool à sa tenue.','Baskets \"Cool Kid\"',74.99,20),(81,'Ajoutez une touche de couleur à la garde-robe de votre petit garçon avec ces baskets vibrantes et ludiques.','Baskets \"Color Splash\"',79.99,15),(82,'Gardez vos pieds au frais et à l\'aise avec ces baskets légères et respirantes pour votre petite fille.','Baskets \"Light & Breezy\"',59.99,30),(83,'Optez pour ces baskets à paillettes qui ajoutent une touche de glamour à la garde-robe de votre petite fille.','Baskets \"Glitter Glam\"',64.99,25),(84,'Affichez le style de votre petite fille avec ces baskets à motif floral qui ajoutent une touche de fantaisie à sa tenue.','Baskets \"Floral Fancy\"',69.99,20),(85,'Affrontez le froid avec style avec ces bottes fourrées qui garderont les pieds de votre petite fille au chaud et au sec.','Bottes \"Winter Wonderland\"',79.99,25),(86,'Optez pour ces bottes de pluie colorées qui ajoutent une touche de gaieté aux journées pluvieuses de votre petite fille.','Bottes \"Rainbow Splash\"',84.99,20),(87,'Ajoutez une touche de glamour à la garde-robe de votre petite fille avec ces bottes à paillettes qui feront briller son style.','Bottes \"Sparkle Princess\"',89.99,15),(88,'Gardez les essentiels de votre enfant organisés et sécurisés avec ce sac à dos spacieux et confortable.','Sac à dos \"Adventure Buddy\"',49.99,30),(89,'Optez pour ce sac à dos ludique qui ajoutera une touche de fantaisie aux aventures de votre enfant.','Sac à dos \"Imaginary Explorer\"',54.99,25),(90,'Affichez le style de votre enfant avec ce sac à dos coloré qui est à la fois pratique et amusant.','Sac à dos \"Colorful Companion\"',59.99,20),(91,'Ajoutez une touche de style à la garde-robe de votre enfant avec ces lunettes de soleil tendance.','Lunettes de soleil \"Cool Shades\"',19.99,40),(92,'Protégez les yeux de votre enfant avec ces lunettes de lecture confortables et élégantes.','Lunettes de lecture \"Smart Specs\"',24.99,35),(93,'Optez pour ces lunettes de vue ludiques qui feront sourire votre enfant à chaque fois qu\'il les portera.','Lunettes de vue \"Fun Frames\"',29.99,30);
/*!40000 ALTER TABLE `products` ENABLE KEYS */;
UNLOCK TABLES;

--
-- Table structure for table `user`
--

DROP TABLE IF EXISTS `user`;
/*!40101 SET @saved_cs_client     = @@character_set_client */;
/*!50503 SET character_set_client = utf8mb4 */;
CREATE TABLE `user` (
  `user_id` bigint NOT NULL AUTO_INCREMENT,
  `email` varchar(255) DEFAULT NULL,
  `password` varchar(255) DEFAULT NULL,
  `role` enum('ADMIN','USER') DEFAULT NULL,
  `username` varchar(255) DEFAULT NULL,
  `cart_id` bigint DEFAULT NULL,
  PRIMARY KEY (`user_id`),
  UNIQUE KEY `UK_47dq8urpj337d3o65l3fsjph3` (`cart_id`),
  CONSTRAINT `FKg10rs1a4lo74hp7oaa1ahuqrf` FOREIGN KEY (`cart_id`) REFERENCES `carts` (`id`)
) ENGINE=InnoDB AUTO_INCREMENT=3 DEFAULT CHARSET=utf8mb4 COLLATE=utf8mb4_unicode_520_ci;
/*!40101 SET character_set_client = @saved_cs_client */;

--
-- Dumping data for table `user`
--

LOCK TABLES `user` WRITE;
/*!40000 ALTER TABLE `user` DISABLE KEYS */;
INSERT INTO `user` VALUES (1,'youssef.hannachi@gmail.com','$2a$10$qNBOhzVWSBEcTJ266GoVhecffHazyMneSPs/mGV5WttqHlIUTYuyq','USER','Youssef',1),(2,'adminCeri@gmail.com','$2a$10$wW.wiy3vGCkWPaz.SG4jZ.NvLMZ5XO1ZNWi0mpVNGcbQEL26dwwde','ADMIN','adminCeri',2);
/*!40000 ALTER TABLE `user` ENABLE KEYS */;
UNLOCK TABLES;
/*!40103 SET TIME_ZONE=@OLD_TIME_ZONE */;

/*!40101 SET SQL_MODE=@OLD_SQL_MODE */;
/*!40014 SET FOREIGN_KEY_CHECKS=@OLD_FOREIGN_KEY_CHECKS */;
/*!40014 SET UNIQUE_CHECKS=@OLD_UNIQUE_CHECKS */;
/*!40101 SET CHARACTER_SET_CLIENT=@OLD_CHARACTER_SET_CLIENT */;
/*!40101 SET CHARACTER_SET_RESULTS=@OLD_CHARACTER_SET_RESULTS */;
/*!40101 SET COLLATION_CONNECTION=@OLD_COLLATION_CONNECTION */;
/*!40111 SET SQL_NOTES=@OLD_SQL_NOTES */;

-- Dump completed on 2024-04-25 16:44:42
